source_url,target_url,status_code,preserve_query_string,include_subdomains,subpath_matching,preserve_path_suffix
setup.despia.com/,https://despia.com/docs/legacy/introduction,301,TRUE,FALSE,FALSE,FALSE
setup.despia.com/analytics/appsflyer/ad-revenue,https://despia.com/docs/legacy/analytics/appsflyer/ad-revenue,301,TRUE,FALSE,FALSE,FALSE
setup.despia.com/analytics/appsflyer/ad-revenue.md,https://despia.com/docs/legacy/analytics/appsflyer/ad-revenue.md,301,TRUE,FALSE,FALSE,FALSE
setup.despia.com/analytics/appsflyer/attribution,https://despia.com/docs/legacy/analytics/appsflyer/attribution,301,TRUE,FALSE,FALSE,FALSE
setup.despia.com/analytics/appsflyer/attribution.md,https://despia.com/docs/legacy/analytics/appsflyer/attribution.md,301,TRUE,FALSE,FALSE,FALSE
setup.despia.com/analytics/appsflyer/campaigns,https://despia.com/docs/legacy/analytics/appsflyer/campaigns,301,TRUE,FALSE,FALSE,FALSE
setup.despia.com/analytics/appsflyer/campaigns.md,https://despia.com/docs/legacy/analytics/appsflyer/campaigns.md,301,TRUE,FALSE,FALSE,FALSE
setup.despia.com/analytics/appsflyer/consent,https://despia.com/docs/legacy/analytics/appsflyer/consent,301,TRUE,FALSE,FALSE,FALSE
setup.despia.com/analytics/appsflyer/consent.md,https://despia.com/docs/legacy/analytics/appsflyer/consent.md,301,TRUE,FALSE,FALSE,FALSE
setup.despia.com/analytics/appsflyer/deeplinking,https://despia.com/docs/legacy/analytics/appsflyer/deeplinking,301,TRUE,FALSE,FALSE,FALSE
setup.despia.com/analytics/appsflyer/deeplinking.md,https://despia.com/docs/legacy/analytics/appsflyer/deeplinking.md,301,TRUE,FALSE,FALSE,FALSE
setup.despia.com/analytics/appsflyer/events,https://despia.com/docs/legacy/analytics/appsflyer/events,301,TRUE,FALSE,FALSE,FALSE
setup.despia.com/analytics/appsflyer/events.md,https://despia.com/docs/legacy/analytics/appsflyer/events.md,301,TRUE,FALSE,FALSE,FALSE
setup.despia.com/analytics/appsflyer/identity,https://despia.com/docs/legacy/analytics/appsflyer/identity,301,TRUE,FALSE,FALSE,FALSE
setup.despia.com/analytics/appsflyer/identity.md,https://despia.com/docs/legacy/analytics/appsflyer/identity.md,301,TRUE,FALSE,FALSE,FALSE
setup.despia.com/analytics/appsflyer/introduction,https://despia.com/docs/legacy/analytics/appsflyer/introduction,301,TRUE,FALSE,FALSE,FALSE
setup.despia.com/analytics/appsflyer/introduction.md,https://despia.com/docs/legacy/analytics/appsflyer/introduction.md,301,TRUE,FALSE,FALSE,FALSE
setup.despia.com/analytics/appsflyer/testing,https://despia.com/docs/legacy/analytics/appsflyer/testing,301,TRUE,FALSE,FALSE,FALSE
setup.despia.com/analytics/appsflyer/testing.md,https://despia.com/docs/legacy/analytics/appsflyer/testing.md,301,TRUE,FALSE,FALSE,FALSE
setup.despia.com/analytics/posthog/introduction,https://despia.com/docs/legacy/analytics/posthog/introduction,301,TRUE,FALSE,FALSE,FALSE
setup.despia.com/analytics/posthog/introduction.md,https://despia.com/docs/legacy/analytics/posthog/introduction.md,301,TRUE,FALSE,FALSE,FALSE
setup.despia.com/analytics/posthog/reference,https://despia.com/docs/legacy/analytics/posthog/reference,301,TRUE,FALSE,FALSE,FALSE
setup.despia.com/analytics/posthog/reference.md,https://despia.com/docs/legacy/analytics/posthog/reference.md,301,TRUE,FALSE,FALSE,FALSE
setup.despia.com/authentication/clerk/account,https://despia.com/docs/legacy/authentication/clerk/account,301,TRUE,FALSE,FALSE,FALSE
setup.despia.com/authentication/clerk/account.md,https://despia.com/docs/legacy/authentication/clerk/account.md,301,TRUE,FALSE,FALSE,FALSE
setup.despia.com/authentication/clerk/auth-methods,https://despia.com/docs/legacy/authentication/clerk/auth-methods,301,TRUE,FALSE,FALSE,FALSE
setup.despia.com/authentication/clerk/auth-methods.md,https://despia.com/docs/legacy/authentication/clerk/auth-methods.md,301,TRUE,FALSE,FALSE,FALSE
setup.despia.com/authentication/clerk/backend,https://despia.com/docs/legacy/authentication/clerk/backend,301,TRUE,FALSE,FALSE,FALSE
setup.despia.com/authentication/clerk/backend.md,https://despia.com/docs/legacy/authentication/clerk/backend.md,301,TRUE,FALSE,FALSE,FALSE
setup.despia.com/authentication/clerk/introduction,https://despia.com/docs/legacy/authentication/clerk/introduction,301,TRUE,FALSE,FALSE,FALSE
setup.despia.com/authentication/clerk/introduction.md,https://despia.com/docs/legacy/authentication/clerk/introduction.md,301,TRUE,FALSE,FALSE,FALSE
setup.despia.com/authentication/clerk/reference,https://despia.com/docs/legacy/authentication/clerk/reference,301,TRUE,FALSE,FALSE,FALSE
setup.despia.com/authentication/clerk/reference.md,https://despia.com/docs/legacy/authentication/clerk/reference.md,301,TRUE,FALSE,FALSE,FALSE
setup.despia.com/authentication/clerk/sessions,https://despia.com/docs/legacy/authentication/clerk/sessions,301,TRUE,FALSE,FALSE,FALSE
setup.despia.com/authentication/clerk/sessions.md,https://despia.com/docs/legacy/authentication/clerk/sessions.md,301,TRUE,FALSE,FALSE,FALSE
setup.despia.com/authentication/payments/test,https://despia.com/docs/legacy/authentication/payments/test,301,TRUE,FALSE,FALSE,FALSE
setup.despia.com/authentication/payments/test.md,https://despia.com/docs/legacy/authentication/payments/test.md,301,TRUE,FALSE,FALSE,FALSE
setup.despia.com/best-practices/backend/one-signal/user-session,https://despia.com/docs/legacy/best-practices/backend/one-signal/user-session,301,TRUE,FALSE,FALSE,FALSE
setup.despia.com/best-practices/backend/one-signal/user-session.md,https://despia.com/docs/legacy/best-practices/backend/one-signal/user-session.md,301,TRUE,FALSE,FALSE,FALSE
setup.despia.com/best-practices/backend/revenuecat/cron-jobs,https://despia.com/docs/legacy/best-practices/backend/revenuecat/cron-jobs,301,TRUE,FALSE,FALSE,FALSE
setup.despia.com/best-practices/backend/revenuecat/cron-jobs.md,https://despia.com/docs/legacy/best-practices/backend/revenuecat/cron-jobs.md,301,TRUE,FALSE,FALSE,FALSE
setup.despia.com/best-practices/backend/revenuecat/user-session,https://despia.com/docs/legacy/best-practices/backend/revenuecat/user-session,301,TRUE,FALSE,FALSE,FALSE
setup.despia.com/best-practices/backend/revenuecat/user-session.md,https://despia.com/docs/legacy/best-practices/backend/revenuecat/user-session.md,301,TRUE,FALSE,FALSE,FALSE
setup.despia.com/best-practices/backend/revenuecat/webhooks,https://despia.com/docs/legacy/best-practices/backend/revenuecat/webhooks,301,TRUE,FALSE,FALSE,FALSE
setup.despia.com/best-practices/backend/revenuecat/webhooks.md,https://despia.com/docs/legacy/best-practices/backend/revenuecat/webhooks.md,301,TRUE,FALSE,FALSE,FALSE
setup.despia.com/best-practices/backend/user-session,https://despia.com/docs/legacy/best-practices/backend/user-session,301,TRUE,FALSE,FALSE,FALSE
setup.despia.com/best-practices/backend/user-session.md,https://despia.com/docs/legacy/best-practices/backend/user-session.md,301,TRUE,FALSE,FALSE,FALSE
setup.despia.com/best-practices/frontend/animations,https://despia.com/docs/legacy/best-practices/frontend/animations,301,TRUE,FALSE,FALSE,FALSE
setup.despia.com/best-practices/frontend/animations.md,https://despia.com/docs/legacy/best-practices/frontend/animations.md,301,TRUE,FALSE,FALSE,FALSE
setup.despia.com/best-practices/frontend/performance,https://despia.com/docs/legacy/best-practices/frontend/performance,301,TRUE,FALSE,FALSE,FALSE
setup.despia.com/best-practices/frontend/performance.md,https://despia.com/docs/legacy/best-practices/frontend/performance.md,301,TRUE,FALSE,FALSE,FALSE
setup.despia.com/best-practices/frontend/structure,https://despia.com/docs/legacy/best-practices/frontend/structure,301,TRUE,FALSE,FALSE,FALSE
setup.despia.com/best-practices/frontend/structure.md,https://despia.com/docs/legacy/best-practices/frontend/structure.md,301,TRUE,FALSE,FALSE,FALSE
setup.despia.com/best-practices/updates/editor,https://despia.com/docs/legacy/best-practices/updates/editor,301,TRUE,FALSE,FALSE,FALSE
setup.despia.com/best-practices/updates/editor.md,https://despia.com/docs/legacy/best-practices/updates/editor.md,301,TRUE,FALSE,FALSE,FALSE
setup.despia.com/best-practices/updates/interface,https://despia.com/docs/legacy/best-practices/updates/interface,301,TRUE,FALSE,FALSE,FALSE
setup.despia.com/best-practices/updates/interface.md,https://despia.com/docs/legacy/best-practices/updates/interface.md,301,TRUE,FALSE,FALSE,FALSE
setup.despia.com/best-practices/updates/logic,https://despia.com/docs/legacy/best-practices/updates/logic,301,TRUE,FALSE,FALSE,FALSE
setup.despia.com/best-practices/updates/logic.md,https://despia.com/docs/legacy/best-practices/updates/logic.md,301,TRUE,FALSE,FALSE,FALSE
setup.despia.com/best-practices/updates/overview,https://despia.com/docs/legacy/best-practices/updates/overview,301,TRUE,FALSE,FALSE,FALSE
setup.despia.com/best-practices/updates/overview.md,https://despia.com/docs/legacy/best-practices/updates/overview.md,301,TRUE,FALSE,FALSE,FALSE
setup.despia.com/changelog,https://despia.com/docs/legacy/changelog,301,TRUE,FALSE,FALSE,FALSE
setup.despia.com/changelog.md,https://despia.com/docs/legacy/changelog.md,301,TRUE,FALSE,FALSE,FALSE
setup.despia.com/connectivity/nfc,https://despia.com/docs/legacy/connectivity/nfc,301,TRUE,FALSE,FALSE,FALSE
setup.despia.com/connectivity/nfc.md,https://despia.com/docs/legacy/connectivity/nfc.md,301,TRUE,FALSE,FALSE,FALSE
setup.despia.com/connectivity/websockets,https://despia.com/docs/legacy/connectivity/websockets,301,TRUE,FALSE,FALSE,FALSE
setup.despia.com/connectivity/websockets.md,https://despia.com/docs/legacy/connectivity/websockets.md,301,TRUE,FALSE,FALSE,FALSE
setup.despia.com/custom-code/extensions,https://despia.com/docs/legacy/custom-code/extensions,301,TRUE,FALSE,FALSE,FALSE
setup.despia.com/custom-code/extensions.md,https://despia.com/docs/legacy/custom-code/extensions.md,301,TRUE,FALSE,FALSE,FALSE
setup.despia.com/deployment/apple-ios/automatic,https://despia.com/docs/legacy/deployment/apple-ios/automatic,301,TRUE,FALSE,FALSE,FALSE
setup.despia.com/deployment/apple-ios/automatic.md,https://despia.com/docs/legacy/deployment/apple-ios/automatic.md,301,TRUE,FALSE,FALSE,FALSE
setup.despia.com/deployment/apple-ios/manual,https://despia.com/docs/legacy/deployment/apple-ios/manual,301,TRUE,FALSE,FALSE,FALSE
setup.despia.com/deployment/apple-ios/manual.md,https://despia.com/docs/legacy/deployment/apple-ios/manual.md,301,TRUE,FALSE,FALSE,FALSE
setup.despia.com/deployment/google-android/automatic,https://despia.com/docs/legacy/deployment/google-android/automatic,301,TRUE,FALSE,FALSE,FALSE
setup.despia.com/deployment/google-android/automatic.md,https://despia.com/docs/legacy/deployment/google-android/automatic.md,301,TRUE,FALSE,FALSE,FALSE
setup.despia.com/deployment/google-android/manual,https://despia.com/docs/legacy/deployment/google-android/manual,301,TRUE,FALSE,FALSE,FALSE
setup.despia.com/deployment/google-android/manual.md,https://despia.com/docs/legacy/deployment/google-android/manual.md,301,TRUE,FALSE,FALSE,FALSE
setup.despia.com/editor/publishing-an-update,https://despia.com/docs/legacy/editor/publishing-an-update,301,TRUE,FALSE,FALSE,FALSE
setup.despia.com/editor/publishing-an-update.md,https://despia.com/docs/legacy/editor/publishing-an-update.md,301,TRUE,FALSE,FALSE,FALSE
setup.despia.com/editor/versioning,https://despia.com/docs/legacy/editor/versioning,301,TRUE,FALSE,FALSE,FALSE
setup.despia.com/editor/versioning.md,https://despia.com/docs/legacy/editor/versioning.md,301,TRUE,FALSE,FALSE,FALSE
setup.despia.com/extensions/introduction,https://despia.com/docs/legacy/extensions/introduction,301,TRUE,FALSE,FALSE,FALSE
setup.despia.com/extensions/introduction.md,https://despia.com/docs/legacy/extensions/introduction.md,301,TRUE,FALSE,FALSE,FALSE
setup.despia.com/health-data/apple-health,https://despia.com/docs/legacy/health-data/apple-health,301,TRUE,FALSE,FALSE,FALSE
setup.despia.com/health-data/apple-health.md,https://despia.com/docs/legacy/health-data/apple-health.md,301,TRUE,FALSE,FALSE,FALSE
setup.despia.com/health-data/google-health,https://despia.com/docs/legacy/health-data/google-health,301,TRUE,FALSE,FALSE,FALSE
setup.despia.com/health-data/google-health.md,https://despia.com/docs/legacy/health-data/google-health.md,301,TRUE,FALSE,FALSE,FALSE
setup.despia.com/introduction,https://despia.com/docs/legacy/introduction,301,TRUE,FALSE,FALSE,FALSE
setup.despia.com/introduction.md,https://despia.com/docs/legacy/introduction.md,301,TRUE,FALSE,FALSE,FALSE
setup.despia.com/introduction-1,https://despia.com/docs/legacy/introduction-1,301,TRUE,FALSE,FALSE,FALSE
setup.despia.com/introduction-1.md,https://despia.com/docs/legacy/introduction-1.md,301,TRUE,FALSE,FALSE,FALSE
setup.despia.com/local-cdn/introduction,https://despia.com/docs/legacy/local-cdn/introduction,301,TRUE,FALSE,FALSE,FALSE
setup.despia.com/local-cdn/introduction.md,https://despia.com/docs/legacy/local-cdn/introduction.md,301,TRUE,FALSE,FALSE,FALSE
setup.despia.com/local-cdn/reference,https://despia.com/docs/legacy/local-cdn/reference,301,TRUE,FALSE,FALSE,FALSE
setup.despia.com/local-cdn/reference.md,https://despia.com/docs/legacy/local-cdn/reference.md,301,TRUE,FALSE,FALSE,FALSE
setup.despia.com/local-database/introduction,https://despia.com/docs/legacy/local-database/introduction,301,TRUE,FALSE,FALSE,FALSE
setup.despia.com/local-database/introduction.md,https://despia.com/docs/legacy/local-database/introduction.md,301,TRUE,FALSE,FALSE,FALSE
setup.despia.com/local-database/reference,https://despia.com/docs/legacy/local-database/reference,301,TRUE,FALSE,FALSE,FALSE
setup.despia.com/local-database/reference.md,https://despia.com/docs/legacy/local-database/reference.md,301,TRUE,FALSE,FALSE,FALSE
setup.despia.com/local-intelligence/Introduction,https://despia.com/docs/legacy/local-intelligence/Introduction,301,TRUE,FALSE,FALSE,FALSE
setup.despia.com/local-intelligence/Introduction.md,https://despia.com/docs/legacy/local-intelligence/Introduction.md,301,TRUE,FALSE,FALSE,FALSE
setup.despia.com/local-intelligence/reference,https://despia.com/docs/legacy/local-intelligence/reference,301,TRUE,FALSE,FALSE,FALSE
setup.despia.com/local-intelligence/reference.md,https://despia.com/docs/legacy/local-intelligence/reference.md,301,TRUE,FALSE,FALSE,FALSE
setup.despia.com/local-server/introduction,https://despia.com/docs/legacy/local-server/introduction,301,TRUE,FALSE,FALSE,FALSE
setup.despia.com/local-server/introduction.md,https://despia.com/docs/legacy/local-server/introduction.md,301,TRUE,FALSE,FALSE,FALSE
setup.despia.com/local-server/reference,https://despia.com/docs/legacy/local-server/reference,301,TRUE,FALSE,FALSE,FALSE
setup.despia.com/local-server/reference.md,https://despia.com/docs/legacy/local-server/reference.md,301,TRUE,FALSE,FALSE,FALSE
setup.despia.com/lovable/how-it-works,https://despia.com/docs/legacy/lovable/how-it-works,301,TRUE,FALSE,FALSE,FALSE
setup.despia.com/lovable/how-it-works.md,https://despia.com/docs/legacy/lovable/how-it-works.md,301,TRUE,FALSE,FALSE,FALSE
setup.despia.com/lovable/legacy-features/one-signal-v1,https://despia.com/docs/legacy/lovable/legacy-features/one-signal-v1,301,TRUE,FALSE,FALSE,FALSE
setup.despia.com/lovable/legacy-features/one-signal-v1.md,https://despia.com/docs/legacy/lovable/legacy-features/one-signal-v1.md,301,TRUE,FALSE,FALSE,FALSE
setup.despia.com/lovable/native-features/app-privacy,https://despia.com/docs/legacy/lovable/native-features/app-privacy,301,TRUE,FALSE,FALSE,FALSE
setup.despia.com/lovable/native-features/app-privacy.md,https://despia.com/docs/legacy/lovable/native-features/app-privacy.md,301,TRUE,FALSE,FALSE,FALSE
setup.despia.com/lovable/native-features/app-settings,https://despia.com/docs/legacy/lovable/native-features/app-settings,301,TRUE,FALSE,FALSE,FALSE
setup.despia.com/lovable/native-features/app-settings.md,https://despia.com/docs/legacy/lovable/native-features/app-settings.md,301,TRUE,FALSE,FALSE,FALSE
setup.despia.com/lovable/native-features/biometrics,https://despia.com/docs/legacy/lovable/native-features/biometrics,301,TRUE,FALSE,FALSE,FALSE
setup.despia.com/lovable/native-features/biometrics.md,https://despia.com/docs/legacy/lovable/native-features/biometrics.md,301,TRUE,FALSE,FALSE,FALSE
setup.despia.com/lovable/native-features/camera-roll,https://despia.com/docs/legacy/lovable/native-features/camera-roll,301,TRUE,FALSE,FALSE,FALSE
setup.despia.com/lovable/native-features/camera-roll.md,https://despia.com/docs/legacy/lovable/native-features/camera-roll.md,301,TRUE,FALSE,FALSE,FALSE
setup.despia.com/lovable/native-features/clipboard,https://despia.com/docs/legacy/lovable/native-features/clipboard,301,TRUE,FALSE,FALSE,FALSE
setup.despia.com/lovable/native-features/clipboard.md,https://despia.com/docs/legacy/lovable/native-features/clipboard.md,301,TRUE,FALSE,FALSE,FALSE
setup.despia.com/lovable/native-features/contact-access,https://despia.com/docs/legacy/lovable/native-features/contact-access,301,TRUE,FALSE,FALSE,FALSE
setup.despia.com/lovable/native-features/contact-access.md,https://despia.com/docs/legacy/lovable/native-features/contact-access.md,301,TRUE,FALSE,FALSE,FALSE
setup.despia.com/lovable/native-features/deeplinking,https://despia.com/docs/legacy/lovable/native-features/deeplinking,301,TRUE,FALSE,FALSE,FALSE
setup.despia.com/lovable/native-features/deeplinking.md,https://despia.com/docs/legacy/lovable/native-features/deeplinking.md,301,TRUE,FALSE,FALSE,FALSE
setup.despia.com/lovable/native-features/device-indexing,https://despia.com/docs/legacy/lovable/native-features/device-indexing,301,TRUE,FALSE,FALSE,FALSE
setup.despia.com/lovable/native-features/device-indexing.md,https://despia.com/docs/legacy/lovable/native-features/device-indexing.md,301,TRUE,FALSE,FALSE,FALSE
setup.despia.com/lovable/native-features/external-links,https://despia.com/docs/legacy/lovable/native-features/external-links,301,TRUE,FALSE,FALSE,FALSE
setup.despia.com/lovable/native-features/external-links.md,https://despia.com/docs/legacy/lovable/native-features/external-links.md,301,TRUE,FALSE,FALSE,FALSE
setup.despia.com/lovable/native-features/file-sharing,https://despia.com/docs/legacy/lovable/native-features/file-sharing,301,TRUE,FALSE,FALSE,FALSE
setup.despia.com/lovable/native-features/file-sharing.md,https://despia.com/docs/legacy/lovable/native-features/file-sharing.md,301,TRUE,FALSE,FALSE,FALSE
setup.despia.com/lovable/native-features/gps-location,https://despia.com/docs/legacy/lovable/native-features/gps-location,301,TRUE,FALSE,FALSE,FALSE
setup.despia.com/lovable/native-features/gps-location.md,https://despia.com/docs/legacy/lovable/native-features/gps-location.md,301,TRUE,FALSE,FALSE,FALSE
setup.despia.com/lovable/native-features/gps-location-1,https://despia.com/docs/legacy/lovable/native-features/gps-location-1,301,TRUE,FALSE,FALSE,FALSE
setup.despia.com/lovable/native-features/gps-location-1.md,https://despia.com/docs/legacy/lovable/native-features/gps-location-1.md,301,TRUE,FALSE,FALSE,FALSE
setup.despia.com/lovable/native-features/haptic-feedback,https://despia.com/docs/legacy/lovable/native-features/haptic-feedback,301,TRUE,FALSE,FALSE,FALSE
setup.despia.com/lovable/native-features/haptic-feedback.md,https://despia.com/docs/legacy/lovable/native-features/haptic-feedback.md,301,TRUE,FALSE,FALSE,FALSE
setup.despia.com/lovable/native-features/health-kit,https://despia.com/docs/legacy/lovable/native-features/health-kit,301,TRUE,FALSE,FALSE,FALSE
setup.despia.com/lovable/native-features/health-kit.md,https://despia.com/docs/legacy/lovable/native-features/health-kit.md,301,TRUE,FALSE,FALSE,FALSE
setup.despia.com/lovable/native-features/home-widgets,https://despia.com/docs/legacy/lovable/native-features/home-widgets,301,TRUE,FALSE,FALSE,FALSE
setup.despia.com/lovable/native-features/home-widgets.md,https://despia.com/docs/legacy/lovable/native-features/home-widgets.md,301,TRUE,FALSE,FALSE,FALSE
setup.despia.com/lovable/native-features/o-auth-2-0/apple-auth,https://despia.com/docs/legacy/lovable/native-features/o-auth-2-0/apple-auth,301,TRUE,FALSE,FALSE,FALSE
setup.despia.com/lovable/native-features/o-auth-2-0/apple-auth.md,https://despia.com/docs/legacy/lovable/native-features/o-auth-2-0/apple-auth.md,301,TRUE,FALSE,FALSE,FALSE
setup.despia.com/lovable/native-features/oauth/google,https://despia.com/docs/legacy/lovable/native-features/oauth/google,301,TRUE,FALSE,FALSE,FALSE
setup.despia.com/lovable/native-features/oauth/google.md,https://despia.com/docs/legacy/lovable/native-features/oauth/google.md,301,TRUE,FALSE,FALSE,FALSE
setup.despia.com/lovable/native-features/oauth/tiktok,https://despia.com/docs/legacy/lovable/native-features/oauth/tiktok,301,TRUE,FALSE,FALSE,FALSE
setup.despia.com/lovable/native-features/oauth/tiktok.md,https://despia.com/docs/legacy/lovable/native-features/oauth/tiktok.md,301,TRUE,FALSE,FALSE,FALSE
setup.despia.com/lovable/native-features/offline-push,https://despia.com/docs/legacy/lovable/native-features/offline-push,301,TRUE,FALSE,FALSE,FALSE
setup.despia.com/lovable/native-features/offline-push.md,https://despia.com/docs/legacy/lovable/native-features/offline-push.md,301,TRUE,FALSE,FALSE,FALSE
setup.despia.com/lovable/native-features/onesignal,https://despia.com/docs/legacy/lovable/native-features/onesignal,301,TRUE,FALSE,FALSE,FALSE
setup.despia.com/lovable/native-features/onesignal.md,https://despia.com/docs/legacy/lovable/native-features/onesignal.md,301,TRUE,FALSE,FALSE,FALSE
setup.despia.com/lovable/native-features/paywalls,https://despia.com/docs/legacy/lovable/native-features/paywalls,301,TRUE,FALSE,FALSE,FALSE
setup.despia.com/lovable/native-features/paywalls.md,https://despia.com/docs/legacy/lovable/native-features/paywalls.md,301,TRUE,FALSE,FALSE,FALSE
setup.despia.com/lovable/native-features/print-documents,https://despia.com/docs/legacy/lovable/native-features/print-documents,301,TRUE,FALSE,FALSE,FALSE
setup.despia.com/lovable/native-features/print-documents.md,https://despia.com/docs/legacy/lovable/native-features/print-documents.md,301,TRUE,FALSE,FALSE,FALSE
setup.despia.com/lovable/native-features/quick-actions,https://despia.com/docs/legacy/lovable/native-features/quick-actions,301,TRUE,FALSE,FALSE,FALSE
setup.despia.com/lovable/native-features/quick-actions.md,https://despia.com/docs/legacy/lovable/native-features/quick-actions.md,301,TRUE,FALSE,FALSE,FALSE
setup.despia.com/lovable/native-features/restore-purchase,https://despia.com/docs/legacy/lovable/native-features/restore-purchase,301,TRUE,FALSE,FALSE,FALSE
setup.despia.com/lovable/native-features/restore-purchase.md,https://despia.com/docs/legacy/lovable/native-features/restore-purchase.md,301,TRUE,FALSE,FALSE,FALSE
setup.despia.com/lovable/native-features/rewarded-ads,https://despia.com/docs/legacy/lovable/native-features/rewarded-ads,301,TRUE,FALSE,FALSE,FALSE
setup.despia.com/lovable/native-features/rewarded-ads.md,https://despia.com/docs/legacy/lovable/native-features/rewarded-ads.md,301,TRUE,FALSE,FALSE,FALSE
setup.despia.com/lovable/native-features/safe-areas,https://despia.com/docs/legacy/lovable/native-features/safe-areas,301,TRUE,FALSE,FALSE,FALSE
setup.despia.com/lovable/native-features/safe-areas.md,https://despia.com/docs/legacy/lovable/native-features/safe-areas.md,301,TRUE,FALSE,FALSE,FALSE
setup.despia.com/lovable/native-features/screen-brightness,https://despia.com/docs/legacy/lovable/native-features/screen-brightness,301,TRUE,FALSE,FALSE,FALSE
setup.despia.com/lovable/native-features/screen-brightness.md,https://despia.com/docs/legacy/lovable/native-features/screen-brightness.md,301,TRUE,FALSE,FALSE,FALSE
setup.despia.com/lovable/native-features/screenshot,https://despia.com/docs/legacy/lovable/native-features/screenshot,301,TRUE,FALSE,FALSE,FALSE
setup.despia.com/lovable/native-features/screenshot.md,https://despia.com/docs/legacy/lovable/native-features/screenshot.md,301,TRUE,FALSE,FALSE,FALSE
setup.despia.com/lovable/native-features/share-dialog,https://despia.com/docs/legacy/lovable/native-features/share-dialog,301,TRUE,FALSE,FALSE,FALSE
setup.despia.com/lovable/native-features/share-dialog.md,https://despia.com/docs/legacy/lovable/native-features/share-dialog.md,301,TRUE,FALSE,FALSE,FALSE
setup.despia.com/lovable/native-features/share-extension,https://despia.com/docs/legacy/lovable/native-features/share-extension,301,TRUE,FALSE,FALSE,FALSE
setup.despia.com/lovable/native-features/share-extension.md,https://despia.com/docs/legacy/lovable/native-features/share-extension.md,301,TRUE,FALSE,FALSE,FALSE
setup.despia.com/lovable/native-features/simple-storage,https://despia.com/docs/legacy/lovable/native-features/simple-storage,301,TRUE,FALSE,FALSE,FALSE
setup.despia.com/lovable/native-features/simple-storage.md,https://despia.com/docs/legacy/lovable/native-features/simple-storage.md,301,TRUE,FALSE,FALSE,FALSE
setup.despia.com/lovable/native-features/siri-shortcuts,https://despia.com/docs/legacy/lovable/native-features/siri-shortcuts,301,TRUE,FALSE,FALSE,FALSE
setup.despia.com/lovable/native-features/siri-shortcuts.md,https://despia.com/docs/legacy/lovable/native-features/siri-shortcuts.md,301,TRUE,FALSE,FALSE,FALSE
setup.despia.com/lovable/native-features/storage-vault,https://despia.com/docs/legacy/lovable/native-features/storage-vault,301,TRUE,FALSE,FALSE,FALSE
setup.despia.com/lovable/native-features/storage-vault.md,https://despia.com/docs/legacy/lovable/native-features/storage-vault.md,301,TRUE,FALSE,FALSE,FALSE
setup.despia.com/lovable/native-features/store-location,https://despia.com/docs/legacy/lovable/native-features/store-location,301,TRUE,FALSE,FALSE,FALSE
setup.despia.com/lovable/native-features/store-location.md,https://despia.com/docs/legacy/lovable/native-features/store-location.md,301,TRUE,FALSE,FALSE,FALSE
setup.despia.com/lovable/native-features/user-agent,https://despia.com/docs/legacy/lovable/native-features/user-agent,301,TRUE,FALSE,FALSE,FALSE
setup.despia.com/lovable/native-features/user-agent.md,https://despia.com/docs/legacy/lovable/native-features/user-agent.md,301,TRUE,FALSE,FALSE,FALSE
setup.despia.com/machine-learning/vision/ocr,https://despia.com/docs/legacy/machine-learning/vision/ocr,301,TRUE,FALSE,FALSE,FALSE
setup.despia.com/machine-learning/vision/ocr.md,https://despia.com/docs/legacy/machine-learning/vision/ocr.md,301,TRUE,FALSE,FALSE,FALSE
setup.despia.com/machine-learning/voice/speech-recognition,https://despia.com/docs/legacy/machine-learning/voice/speech-recognition,301,TRUE,FALSE,FALSE,FALSE
setup.despia.com/machine-learning/voice/speech-recognition.md,https://despia.com/docs/legacy/machine-learning/voice/speech-recognition.md,301,TRUE,FALSE,FALSE,FALSE
setup.despia.com/mcp-server,https://despia.com/docs/legacy/mcp-server,301,TRUE,FALSE,FALSE,FALSE
setup.despia.com/mcp-server.md,https://despia.com/docs/legacy/mcp-server.md,301,TRUE,FALSE,FALSE,FALSE
setup.despia.com/native-features/action-sheet,https://despia.com/docs/legacy/native-features/action-sheet,301,TRUE,FALSE,FALSE,FALSE
setup.despia.com/native-features/action-sheet.md,https://despia.com/docs/legacy/native-features/action-sheet.md,301,TRUE,FALSE,FALSE,FALSE
setup.despia.com/native-features/admob/Iinterstitial,https://despia.com/docs/legacy/native-features/admob/Iinterstitial,301,TRUE,FALSE,FALSE,FALSE
setup.despia.com/native-features/admob/Iinterstitial.md,https://despia.com/docs/legacy/native-features/admob/Iinterstitial.md,301,TRUE,FALSE,FALSE,FALSE
setup.despia.com/native-features/admob/inline-ads,https://despia.com/docs/legacy/native-features/admob/inline-ads,301,TRUE,FALSE,FALSE,FALSE
setup.despia.com/native-features/admob/inline-ads.md,https://despia.com/docs/legacy/native-features/admob/inline-ads.md,301,TRUE,FALSE,FALSE,FALSE
setup.despia.com/native-features/admob/rewarded-ads,https://despia.com/docs/legacy/native-features/admob/rewarded-ads,301,TRUE,FALSE,FALSE,FALSE
setup.despia.com/native-features/admob/rewarded-ads.md,https://despia.com/docs/legacy/native-features/admob/rewarded-ads.md,301,TRUE,FALSE,FALSE,FALSE
setup.despia.com/native-features/age-assurance,https://despia.com/docs/legacy/native-features/age-assurance,301,TRUE,FALSE,FALSE,FALSE
setup.despia.com/native-features/age-assurance.md,https://despia.com/docs/legacy/native-features/age-assurance.md,301,TRUE,FALSE,FALSE,FALSE
setup.despia.com/native-features/app-privacy,https://despia.com/docs/legacy/native-features/app-privacy,301,TRUE,FALSE,FALSE,FALSE
setup.despia.com/native-features/app-privacy.md,https://despia.com/docs/legacy/native-features/app-privacy.md,301,TRUE,FALSE,FALSE,FALSE
setup.despia.com/native-features/app-settings,https://despia.com/docs/legacy/native-features/app-settings,301,TRUE,FALSE,FALSE,FALSE
setup.despia.com/native-features/app-settings.md,https://despia.com/docs/legacy/native-features/app-settings.md,301,TRUE,FALSE,FALSE,FALSE
setup.despia.com/native-features/audio-player,https://despia.com/docs/legacy/native-features/audio-player,301,TRUE,FALSE,FALSE,FALSE
setup.despia.com/native-features/audio-player.md,https://despia.com/docs/legacy/native-features/audio-player.md,301,TRUE,FALSE,FALSE,FALSE
setup.despia.com/native-features/biometrics,https://despia.com/docs/legacy/native-features/biometrics,301,TRUE,FALSE,FALSE,FALSE
setup.despia.com/native-features/biometrics.md,https://despia.com/docs/legacy/native-features/biometrics.md,301,TRUE,FALSE,FALSE,FALSE
setup.despia.com/native-features/bluetooth,https://despia.com/docs/legacy/native-features/bluetooth,301,TRUE,FALSE,FALSE,FALSE
setup.despia.com/native-features/bluetooth.md,https://despia.com/docs/legacy/native-features/bluetooth.md,301,TRUE,FALSE,FALSE,FALSE
setup.despia.com/native-features/camera-roll,https://despia.com/docs/legacy/native-features/camera-roll,301,TRUE,FALSE,FALSE,FALSE
setup.despia.com/native-features/camera-roll.md,https://despia.com/docs/legacy/native-features/camera-roll.md,301,TRUE,FALSE,FALSE,FALSE
setup.despia.com/native-features/clipboard,https://despia.com/docs/legacy/native-features/clipboard,301,TRUE,FALSE,FALSE,FALSE
setup.despia.com/native-features/clipboard.md,https://despia.com/docs/legacy/native-features/clipboard.md,301,TRUE,FALSE,FALSE,FALSE
setup.despia.com/native-features/contact-access,https://despia.com/docs/legacy/native-features/contact-access,301,TRUE,FALSE,FALSE,FALSE
setup.despia.com/native-features/contact-access.md,https://despia.com/docs/legacy/native-features/contact-access.md,301,TRUE,FALSE,FALSE,FALSE
setup.despia.com/native-features/deeplinking,https://despia.com/docs/legacy/native-features/deeplinking,301,TRUE,FALSE,FALSE,FALSE
setup.despia.com/native-features/deeplinking.md,https://despia.com/docs/legacy/native-features/deeplinking.md,301,TRUE,FALSE,FALSE,FALSE
setup.despia.com/native-features/device-indexing,https://despia.com/docs/legacy/native-features/device-indexing,301,TRUE,FALSE,FALSE,FALSE
setup.despia.com/native-features/device-indexing.md,https://despia.com/docs/legacy/native-features/device-indexing.md,301,TRUE,FALSE,FALSE,FALSE
setup.despia.com/native-features/external-links,https://despia.com/docs/legacy/native-features/external-links,301,TRUE,FALSE,FALSE,FALSE
setup.despia.com/native-features/external-links.md,https://despia.com/docs/legacy/native-features/external-links.md,301,TRUE,FALSE,FALSE,FALSE
setup.despia.com/native-features/file-picker,https://despia.com/docs/legacy/native-features/file-picker,301,TRUE,FALSE,FALSE,FALSE
setup.despia.com/native-features/file-picker.md,https://despia.com/docs/legacy/native-features/file-picker.md,301,TRUE,FALSE,FALSE,FALSE
setup.despia.com/native-features/file-sharing,https://despia.com/docs/legacy/native-features/file-sharing,301,TRUE,FALSE,FALSE,FALSE
setup.despia.com/native-features/file-sharing.md,https://despia.com/docs/legacy/native-features/file-sharing.md,301,TRUE,FALSE,FALSE,FALSE
setup.despia.com/native-features/file-viewer,https://despia.com/docs/legacy/native-features/file-viewer,301,TRUE,FALSE,FALSE,FALSE
setup.despia.com/native-features/file-viewer.md,https://despia.com/docs/legacy/native-features/file-viewer.md,301,TRUE,FALSE,FALSE,FALSE
setup.despia.com/native-features/focus-events,https://despia.com/docs/legacy/native-features/focus-events,301,TRUE,FALSE,FALSE,FALSE
setup.despia.com/native-features/focus-events.md,https://despia.com/docs/legacy/native-features/focus-events.md,301,TRUE,FALSE,FALSE,FALSE
setup.despia.com/native-features/gps-location,https://despia.com/docs/legacy/native-features/gps-location,301,TRUE,FALSE,FALSE,FALSE
setup.despia.com/native-features/gps-location.md,https://despia.com/docs/legacy/native-features/gps-location.md,301,TRUE,FALSE,FALSE,FALSE
setup.despia.com/native-features/gyroscope,https://despia.com/docs/legacy/native-features/gyroscope,301,TRUE,FALSE,FALSE,FALSE
setup.despia.com/native-features/gyroscope.md,https://despia.com/docs/legacy/native-features/gyroscope.md,301,TRUE,FALSE,FALSE,FALSE
setup.despia.com/native-features/haptic-feedback,https://despia.com/docs/legacy/native-features/haptic-feedback,301,TRUE,FALSE,FALSE,FALSE
setup.despia.com/native-features/haptic-feedback.md,https://despia.com/docs/legacy/native-features/haptic-feedback.md,301,TRUE,FALSE,FALSE,FALSE
setup.despia.com/native-features/healthkit,https://despia.com/docs/legacy/native-features/healthkit,301,TRUE,FALSE,FALSE,FALSE
setup.despia.com/native-features/healthkit.md,https://despia.com/docs/legacy/native-features/healthkit.md,301,TRUE,FALSE,FALSE,FALSE
setup.despia.com/native-features/home-widgets,https://despia.com/docs/legacy/native-features/home-widgets,301,TRUE,FALSE,FALSE,FALSE
setup.despia.com/native-features/home-widgets.md,https://despia.com/docs/legacy/native-features/home-widgets.md,301,TRUE,FALSE,FALSE,FALSE
setup.despia.com/native-features/in-app-rating,https://despia.com/docs/legacy/native-features/in-app-rating,301,TRUE,FALSE,FALSE,FALSE
setup.despia.com/native-features/in-app-rating.md,https://despia.com/docs/legacy/native-features/in-app-rating.md,301,TRUE,FALSE,FALSE,FALSE
setup.despia.com/native-features/light-and-dark-mode,https://despia.com/docs/legacy/native-features/light-and-dark-mode,301,TRUE,FALSE,FALSE,FALSE
setup.despia.com/native-features/light-and-dark-mode.md,https://despia.com/docs/legacy/native-features/light-and-dark-mode.md,301,TRUE,FALSE,FALSE,FALSE
setup.despia.com/native-features/notification-sounds,https://despia.com/docs/legacy/native-features/notification-sounds,301,TRUE,FALSE,FALSE,FALSE
setup.despia.com/native-features/notification-sounds.md,https://despia.com/docs/legacy/native-features/notification-sounds.md,301,TRUE,FALSE,FALSE,FALSE
setup.despia.com/native-features/oauth/apple,https://despia.com/docs/legacy/native-features/oauth/apple,301,TRUE,FALSE,FALSE,FALSE
setup.despia.com/native-features/oauth/apple.md,https://despia.com/docs/legacy/native-features/oauth/apple.md,301,TRUE,FALSE,FALSE,FALSE
setup.despia.com/native-features/oauth/easy-login-flow,https://despia.com/docs/legacy/native-features/oauth/easy-login-flow,301,TRUE,FALSE,FALSE,FALSE
setup.despia.com/native-features/oauth/easy-login-flow.md,https://despia.com/docs/legacy/native-features/oauth/easy-login-flow.md,301,TRUE,FALSE,FALSE,FALSE
setup.despia.com/native-features/oauth/google,https://despia.com/docs/legacy/native-features/oauth/google,301,TRUE,FALSE,FALSE,FALSE
setup.despia.com/native-features/oauth/google.md,https://despia.com/docs/legacy/native-features/oauth/google.md,301,TRUE,FALSE,FALSE,FALSE
setup.despia.com/native-features/oauth/introduction,https://despia.com/docs/legacy/native-features/oauth/introduction,301,TRUE,FALSE,FALSE,FALSE
setup.despia.com/native-features/oauth/introduction.md,https://despia.com/docs/legacy/native-features/oauth/introduction.md,301,TRUE,FALSE,FALSE,FALSE
setup.despia.com/native-features/oauth/tiktok,https://despia.com/docs/legacy/native-features/oauth/tiktok,301,TRUE,FALSE,FALSE,FALSE
setup.despia.com/native-features/oauth/tiktok.md,https://despia.com/docs/legacy/native-features/oauth/tiktok.md,301,TRUE,FALSE,FALSE,FALSE
setup.despia.com/native-features/offline-push,https://despia.com/docs/legacy/native-features/offline-push,301,TRUE,FALSE,FALSE,FALSE
setup.despia.com/native-features/offline-push.md,https://despia.com/docs/legacy/native-features/offline-push.md,301,TRUE,FALSE,FALSE,FALSE
setup.despia.com/native-features/onesignal/introduction,https://despia.com/docs/legacy/native-features/onesignal/introduction,301,TRUE,FALSE,FALSE,FALSE
setup.despia.com/native-features/onesignal/introduction.md,https://despia.com/docs/legacy/native-features/onesignal/introduction.md,301,TRUE,FALSE,FALSE,FALSE
setup.despia.com/native-features/onesignal/reference,https://despia.com/docs/legacy/native-features/onesignal/reference,301,TRUE,FALSE,FALSE,FALSE
setup.despia.com/native-features/onesignal/reference.md,https://despia.com/docs/legacy/native-features/onesignal/reference.md,301,TRUE,FALSE,FALSE,FALSE
setup.despia.com/native-features/paywalls,https://despia.com/docs/legacy/native-features/paywalls,301,TRUE,FALSE,FALSE,FALSE
setup.despia.com/native-features/paywalls.md,https://despia.com/docs/legacy/native-features/paywalls.md,301,TRUE,FALSE,FALSE,FALSE
setup.despia.com/native-features/prevent-autoscroll,https://despia.com/docs/legacy/native-features/prevent-autoscroll,301,TRUE,FALSE,FALSE,FALSE
setup.despia.com/native-features/prevent-autoscroll.md,https://despia.com/docs/legacy/native-features/prevent-autoscroll.md,301,TRUE,FALSE,FALSE,FALSE
setup.despia.com/native-features/print-documents,https://despia.com/docs/legacy/native-features/print-documents,301,TRUE,FALSE,FALSE,FALSE
setup.despia.com/native-features/print-documents.md,https://despia.com/docs/legacy/native-features/print-documents.md,301,TRUE,FALSE,FALSE,FALSE
setup.despia.com/native-features/purchases,https://despia.com/docs/legacy/native-features/purchases,301,TRUE,FALSE,FALSE,FALSE
setup.despia.com/native-features/purchases.md,https://despia.com/docs/legacy/native-features/purchases.md,301,TRUE,FALSE,FALSE,FALSE
setup.despia.com/native-features/quick-actions,https://despia.com/docs/legacy/native-features/quick-actions,301,TRUE,FALSE,FALSE,FALSE
setup.despia.com/native-features/quick-actions.md,https://despia.com/docs/legacy/native-features/quick-actions.md,301,TRUE,FALSE,FALSE,FALSE
setup.despia.com/native-features/restore-purchase,https://despia.com/docs/legacy/native-features/restore-purchase,301,TRUE,FALSE,FALSE,FALSE
setup.despia.com/native-features/restore-purchase.md,https://despia.com/docs/legacy/native-features/restore-purchase.md,301,TRUE,FALSE,FALSE,FALSE
setup.despia.com/native-features/revenuecat/introduction,https://despia.com/docs/legacy/native-features/revenuecat/introduction,301,TRUE,FALSE,FALSE,FALSE
setup.despia.com/native-features/revenuecat/introduction.md,https://despia.com/docs/legacy/native-features/revenuecat/introduction.md,301,TRUE,FALSE,FALSE,FALSE
setup.despia.com/native-features/revenuecat/reference,https://despia.com/docs/legacy/native-features/revenuecat/reference,301,TRUE,FALSE,FALSE,FALSE
setup.despia.com/native-features/revenuecat/reference.md,https://despia.com/docs/legacy/native-features/revenuecat/reference.md,301,TRUE,FALSE,FALSE,FALSE
setup.despia.com/native-features/safe-areas,https://despia.com/docs/legacy/native-features/safe-areas,301,TRUE,FALSE,FALSE,FALSE
setup.despia.com/native-features/safe-areas.md,https://despia.com/docs/legacy/native-features/safe-areas.md,301,TRUE,FALSE,FALSE,FALSE
setup.despia.com/native-features/sandbox,https://despia.com/docs/legacy/native-features/sandbox,301,TRUE,FALSE,FALSE,FALSE
setup.despia.com/native-features/sandbox.md,https://despia.com/docs/legacy/native-features/sandbox.md,301,TRUE,FALSE,FALSE,FALSE
setup.despia.com/native-features/screen-brightness,https://despia.com/docs/legacy/native-features/screen-brightness,301,TRUE,FALSE,FALSE,FALSE
setup.despia.com/native-features/screen-brightness.md,https://despia.com/docs/legacy/native-features/screen-brightness.md,301,TRUE,FALSE,FALSE,FALSE
setup.despia.com/native-features/screen-radius,https://despia.com/docs/legacy/native-features/screen-radius,301,TRUE,FALSE,FALSE,FALSE
setup.despia.com/native-features/screen-radius.md,https://despia.com/docs/legacy/native-features/screen-radius.md,301,TRUE,FALSE,FALSE,FALSE
setup.despia.com/native-features/screenshot,https://despia.com/docs/legacy/native-features/screenshot,301,TRUE,FALSE,FALSE,FALSE
setup.despia.com/native-features/screenshot.md,https://despia.com/docs/legacy/native-features/screenshot.md,301,TRUE,FALSE,FALSE,FALSE
setup.despia.com/native-features/service-workers,https://despia.com/docs/legacy/native-features/service-workers,301,TRUE,FALSE,FALSE,FALSE
setup.despia.com/native-features/service-workers.md,https://despia.com/docs/legacy/native-features/service-workers.md,301,TRUE,FALSE,FALSE,FALSE
setup.despia.com/native-features/share-dialog,https://despia.com/docs/legacy/native-features/share-dialog,301,TRUE,FALSE,FALSE,FALSE
setup.despia.com/native-features/share-dialog.md,https://despia.com/docs/legacy/native-features/share-dialog.md,301,TRUE,FALSE,FALSE,FALSE
setup.despia.com/native-features/share-extension,https://despia.com/docs/legacy/native-features/share-extension,301,TRUE,FALSE,FALSE,FALSE
setup.despia.com/native-features/share-extension.md,https://despia.com/docs/legacy/native-features/share-extension.md,301,TRUE,FALSE,FALSE,FALSE
setup.despia.com/native-features/simple-storage,https://despia.com/docs/legacy/native-features/simple-storage,301,TRUE,FALSE,FALSE,FALSE
setup.despia.com/native-features/simple-storage.md,https://despia.com/docs/legacy/native-features/simple-storage.md,301,TRUE,FALSE,FALSE,FALSE
setup.despia.com/native-features/siri-shortcuts,https://despia.com/docs/legacy/native-features/siri-shortcuts,301,TRUE,FALSE,FALSE,FALSE
setup.despia.com/native-features/siri-shortcuts.md,https://despia.com/docs/legacy/native-features/siri-shortcuts.md,301,TRUE,FALSE,FALSE,FALSE
setup.despia.com/native-features/speech-recognition,https://despia.com/docs/legacy/native-features/speech-recognition,301,TRUE,FALSE,FALSE,FALSE
setup.despia.com/native-features/speech-recognition.md,https://despia.com/docs/legacy/native-features/speech-recognition.md,301,TRUE,FALSE,FALSE,FALSE
setup.despia.com/native-features/storage-vault,https://despia.com/docs/legacy/native-features/storage-vault,301,TRUE,FALSE,FALSE,FALSE
setup.despia.com/native-features/storage-vault.md,https://despia.com/docs/legacy/native-features/storage-vault.md,301,TRUE,FALSE,FALSE,FALSE
setup.despia.com/native-features/store-location,https://despia.com/docs/legacy/native-features/store-location,301,TRUE,FALSE,FALSE,FALSE
setup.despia.com/native-features/store-location.md,https://despia.com/docs/legacy/native-features/store-location.md,301,TRUE,FALSE,FALSE,FALSE
setup.despia.com/native-features/url-scheme,https://despia.com/docs/legacy/native-features/url-scheme,301,TRUE,FALSE,FALSE,FALSE
setup.despia.com/native-features/url-scheme.md,https://despia.com/docs/legacy/native-features/url-scheme.md,301,TRUE,FALSE,FALSE,FALSE
setup.despia.com/native-features/user-agent,https://despia.com/docs/legacy/native-features/user-agent,301,TRUE,FALSE,FALSE,FALSE
setup.despia.com/native-features/user-agent.md,https://despia.com/docs/legacy/native-features/user-agent.md,301,TRUE,FALSE,FALSE,FALSE
setup.despia.com/payments/introduction,https://despia.com/docs/legacy/payments/introduction,301,TRUE,FALSE,FALSE,FALSE
setup.despia.com/payments/introduction.md,https://despia.com/docs/legacy/payments/introduction.md,301,TRUE,FALSE,FALSE,FALSE
setup.despia.com/payments/revenuecat/introduction,https://despia.com/docs/legacy/payments/revenuecat/introduction,301,TRUE,FALSE,FALSE,FALSE
setup.despia.com/payments/revenuecat/introduction.md,https://despia.com/docs/legacy/payments/revenuecat/introduction.md,301,TRUE,FALSE,FALSE,FALSE
setup.despia.com/payments/revenuecat/reference,https://despia.com/docs/legacy/payments/revenuecat/reference,301,TRUE,FALSE,FALSE,FALSE
setup.despia.com/payments/revenuecat/reference.md,https://despia.com/docs/legacy/payments/revenuecat/reference.md,301,TRUE,FALSE,FALSE,FALSE
setup.despia.com/payments/stripe/introduction,https://despia.com/docs/legacy/payments/stripe/introduction,301,TRUE,FALSE,FALSE,FALSE
setup.despia.com/payments/stripe/introduction.md,https://despia.com/docs/legacy/payments/stripe/introduction.md,301,TRUE,FALSE,FALSE,FALSE
setup.despia.com/payments/stripe/payment,https://despia.com/docs/legacy/payments/stripe/payment,301,TRUE,FALSE,FALSE,FALSE
setup.despia.com/payments/stripe/payment.md,https://despia.com/docs/legacy/payments/stripe/payment.md,301,TRUE,FALSE,FALSE,FALSE
setup.despia.com/platform-support/base44,https://despia.com/docs/legacy/platform-support/base44,301,TRUE,FALSE,FALSE,FALSE
setup.despia.com/platform-support/base44.md,https://despia.com/docs/legacy/platform-support/base44.md,301,TRUE,FALSE,FALSE,FALSE
setup.despia.com/platform-support/claude-code,https://despia.com/docs/legacy/platform-support/claude-code,301,TRUE,FALSE,FALSE,FALSE
setup.despia.com/platform-support/claude-code.md,https://despia.com/docs/legacy/platform-support/claude-code.md,301,TRUE,FALSE,FALSE,FALSE
setup.despia.com/platform-support/cursor,https://despia.com/docs/legacy/platform-support/cursor,301,TRUE,FALSE,FALSE,FALSE
setup.despia.com/platform-support/cursor.md,https://despia.com/docs/legacy/platform-support/cursor.md,301,TRUE,FALSE,FALSE,FALSE
setup.despia.com/platform-support/lovable,https://despia.com/docs/legacy/platform-support/lovable,301,TRUE,FALSE,FALSE,FALSE
setup.despia.com/platform-support/lovable.md,https://despia.com/docs/legacy/platform-support/lovable.md,301,TRUE,FALSE,FALSE,FALSE
setup.despia.com/platform-support/replit,https://despia.com/docs/legacy/platform-support/replit,301,TRUE,FALSE,FALSE,FALSE
setup.despia.com/platform-support/replit.md,https://despia.com/docs/legacy/platform-support/replit.md,301,TRUE,FALSE,FALSE,FALSE
setup.despia.com/reference,https://despia.com/docs/legacy/reference,301,TRUE,FALSE,FALSE,FALSE
setup.despia.com/reference.md,https://despia.com/docs/legacy/reference.md,301,TRUE,FALSE,FALSE,FALSE
setup.despia.com/refernce,https://despia.com/docs/legacy/refernce,301,TRUE,FALSE,FALSE,FALSE
setup.despia.com/refernce.md,https://despia.com/docs/legacy/refernce.md,301,TRUE,FALSE,FALSE,FALSE
setup.despia.com/roadblocks/deployment/apple-ios/att-and-tracking,https://despia.com/docs/legacy/roadblocks/deployment/apple-ios/att-and-tracking,301,TRUE,FALSE,FALSE,FALSE
setup.despia.com/roadblocks/deployment/apple-ios/att-and-tracking.md,https://despia.com/docs/legacy/roadblocks/deployment/apple-ios/att-and-tracking.md,301,TRUE,FALSE,FALSE,FALSE
setup.despia.com/roadblocks/deployment/apple-ios/health-kit,https://despia.com/docs/legacy/roadblocks/deployment/apple-ios/health-kit,301,TRUE,FALSE,FALSE,FALSE
setup.despia.com/roadblocks/deployment/apple-ios/health-kit.md,https://despia.com/docs/legacy/roadblocks/deployment/apple-ios/health-kit.md,301,TRUE,FALSE,FALSE,FALSE
setup.despia.com/roadblocks/deployment/update-bundle-id,https://despia.com/docs/legacy/roadblocks/deployment/update-bundle-id,301,TRUE,FALSE,FALSE,FALSE
setup.despia.com/roadblocks/deployment/update-bundle-id.md,https://despia.com/docs/legacy/roadblocks/deployment/update-bundle-id.md,301,TRUE,FALSE,FALSE,FALSE
setup.despia.com/roadblocks/revenue-cat/missing-item,https://despia.com/docs/legacy/roadblocks/revenue-cat/missing-item,301,TRUE,FALSE,FALSE,FALSE
setup.despia.com/roadblocks/revenue-cat/missing-item.md,https://despia.com/docs/legacy/roadblocks/revenue-cat/missing-item.md,301,TRUE,FALSE,FALSE,FALSE
setup.despia.com/roadblocks/runtime/empty-pages,https://despia.com/docs/legacy/roadblocks/runtime/empty-pages,301,TRUE,FALSE,FALSE,FALSE
setup.despia.com/roadblocks/runtime/empty-pages.md,https://despia.com/docs/legacy/roadblocks/runtime/empty-pages.md,301,TRUE,FALSE,FALSE,FALSE
setup.despia.com/roadblocks/runtime/legacy-setups,https://despia.com/docs/legacy/roadblocks/runtime/legacy-setups,301,TRUE,FALSE,FALSE,FALSE
setup.despia.com/roadblocks/runtime/legacy-setups.md,https://despia.com/docs/legacy/roadblocks/runtime/legacy-setups.md,301,TRUE,FALSE,FALSE,FALSE
setup.despia.com/roadblocks/runtime/lost-auth-tokens,https://despia.com/docs/legacy/roadblocks/runtime/lost-auth-tokens,301,TRUE,FALSE,FALSE,FALSE
setup.despia.com/roadblocks/runtime/lost-auth-tokens.md,https://despia.com/docs/legacy/roadblocks/runtime/lost-auth-tokens.md,301,TRUE,FALSE,FALSE,FALSE
setup.despia.com/roadblocks/runtime/no-ota-updates,https://despia.com/docs/legacy/roadblocks/runtime/no-ota-updates,301,TRUE,FALSE,FALSE,FALSE
setup.despia.com/roadblocks/runtime/no-ota-updates.md,https://despia.com/docs/legacy/roadblocks/runtime/no-ota-updates.md,301,TRUE,FALSE,FALSE,FALSE
setup.despia.com/roadblocks/runtime/o-auth-failures,https://despia.com/docs/legacy/roadblocks/runtime/o-auth-failures,301,TRUE,FALSE,FALSE,FALSE
setup.despia.com/roadblocks/runtime/o-auth-failures.md,https://despia.com/docs/legacy/roadblocks/runtime/o-auth-failures.md,301,TRUE,FALSE,FALSE,FALSE
setup.despia.com/roadblocks/runtime/slow-apps,https://despia.com/docs/legacy/roadblocks/runtime/slow-apps,301,TRUE,FALSE,FALSE,FALSE
setup.despia.com/roadblocks/runtime/slow-apps.md,https://despia.com/docs/legacy/roadblocks/runtime/slow-apps.md,301,TRUE,FALSE,FALSE,FALSE
setup.despia.com/roadblocks/runtime/watermark-bug,https://despia.com/docs/legacy/roadblocks/runtime/watermark-bug,301,TRUE,FALSE,FALSE,FALSE
setup.despia.com/roadblocks/runtime/watermark-bug.md,https://despia.com/docs/legacy/roadblocks/runtime/watermark-bug.md,301,TRUE,FALSE,FALSE,FALSE
setup.despia.com/roadblocks/runtime/wrong-framework,https://despia.com/docs/legacy/roadblocks/runtime/wrong-framework,301,TRUE,FALSE,FALSE,FALSE
setup.despia.com/roadblocks/runtime/wrong-framework.md,https://despia.com/docs/legacy/roadblocks/runtime/wrong-framework.md,301,TRUE,FALSE,FALSE,FALSE
setup.despia.com/store-rejections/common-rejection/ai-processing,https://despia.com/docs/legacy/store-rejections/common-rejection/ai-processing,301,TRUE,FALSE,FALSE,FALSE
setup.despia.com/store-rejections/common-rejection/ai-processing.md,https://despia.com/docs/legacy/store-rejections/common-rejection/ai-processing.md,301,TRUE,FALSE,FALSE,FALSE
setup.despia.com/store-rejections/common-rejection/blank-screen-redirects,https://despia.com/docs/legacy/store-rejections/common-rejection/blank-screen-redirects,301,TRUE,FALSE,FALSE,FALSE
setup.despia.com/store-rejections/common-rejection/blank-screen-redirects.md,https://despia.com/docs/legacy/store-rejections/common-rejection/blank-screen-redirects.md,301,TRUE,FALSE,FALSE,FALSE
setup.despia.com/store-rejections/common-rejection/deceptive-paywalls,https://despia.com/docs/legacy/store-rejections/common-rejection/deceptive-paywalls,301,TRUE,FALSE,FALSE,FALSE
setup.despia.com/store-rejections/common-rejection/deceptive-paywalls.md,https://despia.com/docs/legacy/store-rejections/common-rejection/deceptive-paywalls.md,301,TRUE,FALSE,FALSE,FALSE
setup.despia.com/store-rejections/common-rejection/in-app-purchases,https://despia.com/docs/legacy/store-rejections/common-rejection/in-app-purchases,301,TRUE,FALSE,FALSE,FALSE
setup.despia.com/store-rejections/common-rejection/in-app-purchases.md,https://despia.com/docs/legacy/store-rejections/common-rejection/in-app-purchases.md,301,TRUE,FALSE,FALSE,FALSE
setup.despia.com/store-rejections/common-rejection/minimum-functionality,https://despia.com/docs/legacy/store-rejections/common-rejection/minimum-functionality,301,TRUE,FALSE,FALSE,FALSE
setup.despia.com/store-rejections/common-rejection/minimum-functionality.md,https://despia.com/docs/legacy/store-rejections/common-rejection/minimum-functionality.md,301,TRUE,FALSE,FALSE,FALSE
setup.despia.com/store-rejections/common-rejection/non-mobile-design,https://despia.com/docs/legacy/store-rejections/common-rejection/non-mobile-design,301,TRUE,FALSE,FALSE,FALSE
setup.despia.com/store-rejections/common-rejection/non-mobile-design.md,https://despia.com/docs/legacy/store-rejections/common-rejection/non-mobile-design.md,301,TRUE,FALSE,FALSE,FALSE
setup.despia.com/store-rejections/common-rejection/privacy-policy,https://despia.com/docs/legacy/store-rejections/common-rejection/privacy-policy,301,TRUE,FALSE,FALSE,FALSE
setup.despia.com/store-rejections/common-rejection/privacy-policy.md,https://despia.com/docs/legacy/store-rejections/common-rejection/privacy-policy.md,301,TRUE,FALSE,FALSE,FALSE
setup.despia.com/store-rejections/common-rejection/social-login-options,https://despia.com/docs/legacy/store-rejections/common-rejection/social-login-options,301,TRUE,FALSE,FALSE,FALSE
setup.despia.com/store-rejections/common-rejection/social-login-options.md,https://despia.com/docs/legacy/store-rejections/common-rejection/social-login-options.md,301,TRUE,FALSE,FALSE,FALSE
setup.despia.com/store-rejections/common-rejection/spam-and-copies,https://despia.com/docs/legacy/store-rejections/common-rejection/spam-and-copies,301,TRUE,FALSE,FALSE,FALSE
setup.despia.com/store-rejections/common-rejection/spam-and-copies.md,https://despia.com/docs/legacy/store-rejections/common-rejection/spam-and-copies.md,301,TRUE,FALSE,FALSE,FALSE
setup.despia.com/store-rejections/common-rejection/tracking-transparency,https://despia.com/docs/legacy/store-rejections/common-rejection/tracking-transparency,301,TRUE,FALSE,FALSE,FALSE
setup.despia.com/store-rejections/common-rejection/tracking-transparency.md,https://despia.com/docs/legacy/store-rejections/common-rejection/tracking-transparency.md,301,TRUE,FALSE,FALSE,FALSE
setup.despia.com/store-rejections/common-rejection/user-specific-data,https://despia.com/docs/legacy/store-rejections/common-rejection/user-specific-data,301,TRUE,FALSE,FALSE,FALSE
setup.despia.com/store-rejections/common-rejection/user-specific-data.md,https://despia.com/docs/legacy/store-rejections/common-rejection/user-specific-data.md,301,TRUE,FALSE,FALSE,FALSE
setup.despia.com/store-rejections/introduction,https://despia.com/docs/legacy/store-rejections/introduction,301,TRUE,FALSE,FALSE,FALSE
setup.despia.com/store-rejections/introduction.md,https://despia.com/docs/legacy/store-rejections/introduction.md,301,TRUE,FALSE,FALSE,FALSE
setup.despia.com/wallet/pkpass,https://despia.com/docs/legacy/wallet/pkpass,301,TRUE,FALSE,FALSE,FALSE
setup.despia.com/wallet/pkpass.md,https://despia.com/docs/legacy/wallet/pkpass.md,301,TRUE,FALSE,FALSE,FALSE
setup.despia.com/llms.txt,https://despia.com/docs/legacy/llms.txt,301,TRUE,FALSE,FALSE,FALSE
setup.despia.com/llms-full.txt,https://despia.com/docs/legacy/llms-full.txt,301,TRUE,FALSE,FALSE,FALSE
setup.despia.com/sitemap.xml,https://despia.com/docs/sitemap.xml,301,TRUE,FALSE,FALSE,FALSE
